СПРАВКА,,,,,
за минималния и максималния бал по паралелки,,,,,
в РУО СОФИЯ-ГРАД,,,,,
Към дата 29.07.2020,,,,,
,,,,,
№ по ред,Училище,Паралелка,Минимален бал,Максимален бал,Пол
1.  ,"2216306  СМГ ""П. Хилендарски""",2277  Математически - АЕ,482.25,485.5,без квоти
2.  ,2211304  НПМГ,0814  Математически - АЕ М Инф,477.75,480.25,без квоти
3.  ,2211304  НПМГ,0821  Математически - НЕ,477.75,477.75,без квоти
4.  ,"2209019  19 СУ ""Елин Пелин""",2689  Предприемачески - АЕ интензивно ДатЕ,475.5,475.5,без квоти
5.  ,2204091  91 НЕГ,2644  Чужди езици - НЕ интензивно,460,468.5,девойки
6.  ,2216164  164 ГПИЕ,2561  Чужди езици - ИЕ интензивно АЕ,457.5,457.5,девойки
7.  ,"2224073  73. СУ ""Владислав Граматик""",2656  Чужди езици - НЕ интензивно ФЕ,450,450,девойки
8.  ,"2206302  ІІ АЕГ ""Томас Джеферсън""",2028  Чужди езици - АЕ интензивно ИЕ ИЦ БЕЛ,448.5,448.5,младежи
9.  ,2216301  Първа АЕГ,0672  Чужди езици - АЕ интензивно ИЕ,448,448,девойки
10.  ,2211304  НПМГ,1177  Софтуерни и хардуерни науки - АЕ,448,448,без квоти
11.  ,2216301  Първа АЕГ,0727  Чужди езици - АЕ интензивно НЕ,447.5,447.5,девойки
12.  ,2216301  Първа АЕГ,0649  Чужди езици - АЕ интензивно РЕ,444,447,девойки
13.  ,2222009  9 ФЕГ,2163  Чужди езици - ФЕ интензивно   ИЕ,444,444,девойки
14.  ,"2222133  133 СУ ""А.С.Пушкин""",2269  Чужди езици - АЕ интензивно   РЕ,443,443,девойки
15.  ,"2206302  ІІ АЕГ ""Томас Джеферсън""",2034  Чужди езици - АЕ интензивно РЕ М ИТ,440,440,девойки
16.  ,2213350  ТУЕС към ТУ-София,2127  Системно програмиране - АЕ,439.75,478.5,без квоти
17.  ,"2205407  СПГЕ  ""Джон Атанасов""",2328  Системно програмиране - АЕ,439.25,439.25,без квоти
18.  ,"2205407  СПГЕ  ""Джон Атанасов""",2338  Приложно програмиране - АЕ,436.5,436.5,без квоти
19.  ,"2222133  133 СУ ""А.С.Пушкин""",2270  Чужди езици - ФЕ интензивно   РЕ,435,439,девойки
20.  ,"2211035  35. СЕУ ""Добри Войников""",0389  Чужди езици - НЕ РЕ МАТ,434,436,девойки
21.  ,"2211035  35. СЕУ ""Добри Войников""",0390  Чужди езици - НЕ РЕ ГЕО,432.5,433.5,девойки
22.  ,"2211035  35. СЕУ ""Добри Войников""",0392  Чужди езици - ФЕ РЕ ИТ,432,432,девойки
23.  ,"2206302  ІІ АЕГ ""Томас Джеферсън""",2025  Чужди езици АЕ интензивно ИЕ М ГИ,429,429,младежи
24.  ,2211304  НПМГ,0845  Природни науки - НЕ Х Б,428.69,428.69,без квоти
25.  ,"2204018  18 СУ ""Уилям Гладстон""",0902  Чужди езици - ФЕ интензивно   ИЕ,424,424,без квоти
26.  ,"2204032  32.СУИЧЕ ""Св. Климент Охридски",2777  Чужди езици - АЕ интензивно  РЕ,423.5,423.5,девойки
27.  ,"2204032  32.СУИЧЕ ""Св. Климент Охридски",2775  Чужди езици - АЕ интензивно  ФЕ,423,423,девойки
28.  ,"2224022  22 СЕУ ""Г. С. Раковски""",3017  Чужди езици - АЕ интензивно НЕ,420,430,без квоти
29.  ,2216301  Първа АЕГ,0727  Чужди езици - АЕ интензивно НЕ,420,425.5,младежи
30.  ,2216301  Първа АЕГ,0752  Чужди езици - АЕ интензивно ФЕ,419,419,младежи
31.  ,"2221031  31СУЧЕМ ""Иван Вазов""",3018  Математически - АЕ интензивно,418,422.5,без квоти
32.  ,"2204018  18 СУ ""Уилям Гладстон""",1631  Чужди езици - ЯЕ интензивно  АЕ,418,418,без квоти
33.  ,"2224432  ПГД ""Елисавета Вазова""София",1292  Интериорен дизайн - ИтЕ,416.75,416.75,без квоти
34.  ,"2224022  22 СЕУ ""Г. С. Раковски""",2565  Чужди езици - АЕ интензивно ИЕ,416.5,427,без квоти
35.  ,2224433  НТБГ,0802  Икономическа информатика - АЕ интензивно,416,416,девойки
36.  ,2224433  НТБГ,0933  Банково дело - ФЕ интензивно,415.5,415.5,девойки
37.  ,"2224073  73. СУ ""Владислав Граматик""",2658  Чужди езици - НЕ интензивно АЕ,415.5,415.5,младежи
38.  ,"2221031  31СУЧЕМ ""Иван Вазов""",2753  Чужди езици - АЕ интензивно  НЕ,412.5,412.5,без квоти
39.  ,"2224073  73. СУ ""Владислав Граматик""",2656  Чужди езици - НЕ интензивно ФЕ,412,412,младежи
40.  ,"2204032  32.СУИЧЕ ""Св. Климент Охридски",2771  Чужди езици - АЕ интензивно  НЕ,410.5,438.5,девойки
41.  ,2209051  51 СУ,2289  Софтуерни и хардуерни науки - АЕ интензивно,409,409,без квоти
42.  ,"2224022  22 СЕУ ""Г. С. Раковски""",2577  Чужди езици - ИЕ интензивно АЕ,408,437.5,без квоти
43.  ,"2222133  133 СУ ""А.С.Пушкин""",2269  Чужди езици - АЕ интензивно   РЕ,408,408,младежи
44.  ,"2222012  12 СУ ""Цар Иван Асен ІІ""",2209  Чужди езици - НЕ интензивно    АЕ или РЕ,407.25,442,без квоти
45.  ,"2211035  35. СЕУ ""Добри Войников""",0389  Чужди езици - НЕ РЕ МАТ,405,405,младежи
46.  ,"2211035  35. СЕУ ""Добри Войников""",0390  Чужди езици - НЕ РЕ ГЕО,405,405,младежи
47.  ,"2204032  32.СУИЧЕ ""Св. Климент Охридски",2771  Чужди езици - АЕ интензивно  НЕ,404.5,411.5,младежи
48.  ,"2221031  31СУЧЕМ ""Иван Вазов""",2755  Чужди езици - АЕ интензивно   ИЕ,403,436,без квоти
49.  ,"2204032  32.СУИЧЕ ""Св. Климент Охридски",2773  Чужди езици - АЕ интензивно   ИЕ,398,431,девойки
50.  ,2209051  51 СУ,2276  Компютърна графика - АЕ интензивно,397,397,без квоти
51.  ,"2211419  СГСАГ ""ХРИСТО БОТЕВ""",0719  Строителство и архитектура - АЕ,394.5,394.5,без квоти
52.  ,"2204018  18 СУ ""Уилям Гладстон""",0897  Чужди езици - НЕ интензивно   АЕ,393,394.5,без квоти
53.  ,2224433  НТБГ,0779  Бизнес администрация - ИЕ интензивно,393,393,девойки
54.  ,2224433  НТБГ,0788  Електронна търговия - АЕ интензивно,393,393,девойки
55.  ,"2204018  18 СУ ""Уилям Гладстон""",0905  Чужди езици - ФЕ интензивно  АЕ,391,428,без квоти
56.  ,"2211035  35. СЕУ ""Добри Войников""",0392  Чужди езици - ФЕ РЕ ИТ,391,402,младежи
57.  ,"2221031  31СУЧЕМ ""Иван Вазов""",2759  Чужди езици - НЕ интензивно   АЕ,386,408.5,без квоти
58.  ,"2222007  7. СУ  ""Свети Седмочисленици""",0360  Чужди езици - АЕ интензивно НЕ,385.5,402,без квоти
59.  ,"2222133  133 СУ ""А.С.Пушкин""",2272  Чужди езици - РЕ интензивно   АЕ,385,385.5,младежи
60.  ,2209051  51 СУ,2291  Изобразително изкуство - АЕ,384.5,402.5,без квоти
61.  ,2211420  НФСГ,2768  Икономика и мениджмънт - ФЕ,383.5,383.5,без квоти
62.  ,"2204134  134. СУ ""Д. Дебелянов""",1952  Чужди езици - АЕ интензивно,383.25,391,без квоти
63.  ,"2222007  7. СУ  ""Свети Седмочисленици""",0359  Чужди езици - АЕ интензивно  ИЕ,380,381.5,без квоти
64.  ,2222127  127 СРЕДНО УЧИЛИЩЕ,1365  Природни науки - АЕ интензивно,380,380,без квоти
65.  ,"2222007  7. СУ  ""Свети Седмочисленици""",0361  Софтуерни и хардуерни науки - АЕ интензивно НЕ,378.5,383.5,без квоти
66.  ,"2205407  СПГЕ  ""Джон Атанасов""",2360  Компютърни мрежи - АЕ,376.5,403.75,без квоти
67.  ,2222127  127 СРЕДНО УЧИЛИЩЕ,1362  Математически - АЕ интензивно,374,397.5,без квоти
68.  ,"2205407  СПГЕ  ""Джон Атанасов""",2363  Компютърна техника и технологии - АЕ,373.75,373.75,без квоти
69.  ,2223431  ПГ по телекомуникации,0738  Системно програмиране - АЕ,372.25,372.25,без квоти
70.  ,"2224432  ПГД ""Елисавета Вазова""София",1294  Графичен дизайн - АЕ,372.25,372.25,без квоти
71.  ,"2222012  12 СУ ""Цар Иван Асен ІІ""",2159  Чужди езици - АЕ интензивно   НЕ или РЕ,372,398,без квоти
72.  ,2224433  НТБГ,0788  Електронна търговия - АЕ интензивно,370.5,373,младежи
73.  ,"2222007  7. СУ  ""Свети Седмочисленици""",0363  Чужди езици - АЕ интензивно ФЕ,370,396,без квоти
74.  ,"2216001  1 СУ ""Пенчо П. Славейков""",1900  Чужди езици - ИЕ интнензивно АЕ БЗО,368.5,374.25,без квоти
75.  ,"2224432  ПГД ""Елисавета Вазова""София",1290  Интериорен дизайн- НЕ,368,407.75,без квоти
76.  ,2211420  НФСГ,2754  Икономика и мениджмънт - АЕ,367.5,393,без квоти
77.  ,"2205119  119 СУ ""Академик М. Арнаудов""",1522  Хуманитарни науки - АЕ интензивно,366.5,427,без квоти
78.  ,2223431  ПГ по телекомуникации,0722  Компютърни мрежи - АЕ,366.25,366.25,без квоти
79.  ,"2204032  32.СУИЧЕ ""Св. Климент Охридски",2775  Чужди езици - АЕ интензивно  ФЕ,365,377,младежи
80.  ,"2204030  30 СУ ""Братя Миладинови""",1307  Чужди езици - ИЕ интензивно  АЕ,365,366.5,без квоти
81.  ,2211420  НФСГ,2764  Икономика и мениджмънт - НЕ,362,411,без квоти
82.  ,"2205407  СПГЕ  ""Джон Атанасов""",2366  Микропроцесорна техника - АЕ,361.75,363.25,без квоти
83.  ,"2204018  18 СУ ""Уилям Гладстон""",1647  Чужди езици - КорЕ интензивно   АЕ,361.5,361.5,без квоти
84.  ,"2224432  ПГД ""Елисавета Вазова""София",1296  Рекламна графика - АЕ,360,369.25,без квоти
85.  ,"2202002  2. СУ ""Акад.Емилиян Станев""",0957  Хуманитарни науки - АЕ интензивно,359.5,364.75,без квоти
86.  ,2222127  127 СРЕДНО УЧИЛИЩЕ,1358  Чужди езици - АЕ интензивно  НЕ,357.5,360,без квоти
87.  ,"2221138  138 СУЗИЕ""Проф.В.Златарски""",1354  Чужди езици - АЕ интензивно  ИЕ,356.25,401.75,без квоти
88.  ,"2204134  134. СУ ""Д. Дебелянов""",1961  Природни науки - АЕ интензивно,354,354,без квоти
89.  ,2224433  НТБГ,0941  Електронна търговия - РЕ интензивно,353.5,353.5,младежи
90.  ,2224433  НТБГ,0777  Оперативно счетоводство - РЕ интензивно,352,352,младежи
91.  ,"2211419  СГСАГ ""ХРИСТО БОТЕВ""",0762  Геодезия - АЕ,351,351,без квоти
92.  ,2223431  ПГ по телекомуникации,0743  Приложно програмиране - АЕ,350.75,350.75,без квоти
93.  ,2222127  127 СРЕДНО УЧИЛИЩЕ,1366  Предприемачески - ИЕ интензивно,350.5,375,без квоти
94.  ,"2205119  119 СУ ""Академик М. Арнаудов""",1532  Чужди езици - РЕ интензивно,350.5,366,без квоти
95.  ,"2204030  30 СУ ""Братя Миладинови""",2602  Икономическо развитие - АЕ интензивно    НЕ,350.5,360,без квоти
96.  ,2224433  НТБГ,0933  Банково дело - ФЕ интензивно,350.5,350.5,младежи
97.  ,"2222012  12 СУ ""Цар Иван Асен ІІ""",2215  Предприемачески - ФЕ интензивно,350.5,350.5,без квоти
98.  ,"2216001  1 СУ ""Пенчо П. Славейков""",1907  Природни науки - АЕ интензивно,349.75,404,без квоти
99.  ,"2216001  1 СУ ""Пенчо П. Славейков""",1906  Чужди езици - АЕ интензивно ИЕ ИЦ,348.5,394,без квоти
100.  ,"2216001  1 СУ ""Пенчо П. Славейков""",1831  Чужди езици - ИЕ интензивно АЕ ИЦ,348,437.75,без квоти
101.  ,2211420  НФСГ,2798  Търговия - НЕ (дуална),348,357,без квоти
102.  ,2224433  НТБГ,0779  Бизнес администрация - ИЕ интензивно,345,347,младежи
103.  ,"2204134  134. СУ ""Д. Дебелянов""",1968  Софтуерни и хардуерни науки - АЕ интензивно,343.25,343.25,без квоти
104.  ,"2204018  18 СУ ""Уилям Гладстон""",1642  Чужди езици - КитЕ интензивно   АЕ,343,372,без квоти
105.  ,"2221138  138 СУЗИЕ""Проф.В.Златарски""",2466  Организация на туризма и свободното време - АЕ интензивно КорЕ,341.5,341.5,без квоти
106.  ,"2202002  2. СУ ""Акад.Емилиян Станев""",0951  Чужди езици - АЕ интензивно НЕ или ИЕ,337,350.5,без квоти
107.  ,"2209019  19 СУ ""Елин Пелин""",2682  Предприемачески - АЕ интензивно НорвЕ,336.5,349,без квоти
108.  ,"2221138  138 СУЗИЕ""Проф.В.Златарски""",2456  Чужди езици - ЯЕ интензивно   АЕ,335,337.75,без квоти
109.  ,2223431  ПГ по телекомуникации,0660  Телекомуникационни системи - АЕ,332,332,без квоти
110.  ,2223055  55 СУ,2144  Софтуерни и хардуерни науки - АЕ интензивно,332,332,без квоти
111.  ,"2202002  2. СУ ""Акад.Емилиян Станев""",0958  Обществени науки - АЕ интензивно,331,403.75,без квоти
112.  ,"2207108  108 СУ ""Н.Беловеждов""",1852  Предприемачески  - АЕ интензивно,330.75,330.75,без квоти
113.  ,"2211419  СГСАГ ""ХРИСТО БОТЕВ""",0748  Транспортно строителство - АЕ,330.5,330.5,без квоти
114.  ,"2205105  105. СУ ""Атанас Далчев""",2514  Чужди езици - ИтЕ интензивно,329.5,412.25,без квоти
115.  ,"2205407  СПГЕ  ""Джон Атанасов""",2372  Промишлена електроника - АЕ,329.25,335,без квоти
116.  ,"2224432  ПГД ""Елисавета Вазова""София",1227  Моден дизайн - ФЕ,328.5,395,без квоти
117.  ,"2202002  2. СУ ""Акад.Емилиян Станев""",0947  Природни науки - АЕ интензивно,328,330,без квоти
118.  ,2213118  118 СУ,2943  Софтуерни и хардуерни науки - АЕ интензивно,327,332.5,без квоти
119.  ,"2213144  144 СУ ""Народни будители""",1142  Български танци - АЕ,326.5,382.75,без квоти
120.  ,"2221138  138 СУЗИЕ""Проф.В.Златарски""",2451  Чужди езици - КитЕ интензивно    АЕ,325.75,354,без квоти
121.  ,"2204030  30 СУ ""Братя Миладинови""",1308  Природни науки - ИЕ интензивно,323.5,377,без квоти
122.  ,2212040  40 СУ,0508  Софтуерни и хардуерни науки - АЕ интензивно,323,323,без квоти
123.  ,"2205408  СПГ ""Княгиня Евдокия""",2845  Козметика,322.75,322.75,без квоти
124.  ,"2220308  ПГИИ ""Проф. Н. Райнов""",1572  Компютърна графика,321.25,338.75,без квоти
125.  ,2223431  ПГ по телекомуникации,0730  Компютърна техника и технологии - АЕ,319.75,323.5,без квоти
126.  ,"2206409  ПГТЕ ""Хенри Форд""",2364  Автотранспортна техника - техник,318.5,318.5,без квоти
127.  ,"2205105  105. СУ ""Атанас Далчев""",2543  Екскурзоводско обослужване - ИтЕ интензивно,317.5,340.5,без квоти
128.  ,"2204402  НПГПТО ""М.В.Ломоносов""",0317  Медицинска техника - НЕ,316.5,357,без квоти
129.  ,"2219044  44. СУ ""НЕОФИТ БОЗВЕЛИ""",1536  Софтуерни и хардуерни науки - АЕ интензивно,315,320,без квоти
130.  ,"2204018  18 СУ ""Уилям Гладстон""",1637  Чужди езици - АрЕ интензивно   АЕ,314.5,351,без квоти
131.  ,"2211419  СГСАГ ""ХРИСТО БОТЕВ""",0838  Брокер недвижими имоти - АЕ,311.25,354.25,без квоти
132.  ,"2221023  23 СУ ""Фредерик Ж.-Кюри""",0916  Чужди езици - ИтЕ интензивно,309.25,342.5,без квоти
133.  ,"2206003  3 СУ ""МАРИН ДРИНОВ""",2913  Изобразително изкуство - РЕ интензивно,309.25,309.25,без квоти
134.  ,"2209036  36 СУ ""Максим Горки""",0784  Чужди езици - АЕ,306.5,318.5,без квоти
135.  ,"2211021  21 СУ ""ХРИСТО БОТЕВ""",0898  Чужди езици - АЕ интензивно ИЕ,305,342.5,без квоти
136.  ,"2213125  125 СУ ""Боян Пенев""",1546  Хуманитарни науки - АЕ интензивно,305,340,без квоти
137.  ,"2206410  ПГАВТ  ""А.С.ПОПОВ""",2760  Приложно програмиране - АЕ интензивно,304.75,398.75,без квоти
138.  ,2216423  СПГТ,1283  Производство и обслужване в заведенията за хранене и развлечения - ИтЕ,303.5,303.5,без квоти
139.  ,2223431  ПГ по телекомуникации,0746  Икономическа информатика - АЕ,300.75,364,без квоти
140.  ,"2204402  НПГПТО ""М.В.Ломоносов""",0321  Кинотехника аудио- и видеосистеми - АЕ,299.5,325.5,без квоти
141.  ,"2205105  105. СУ ""Атанас Далчев""",2532  Софтуерни и хардуерни науки - АЕ интензивно,299,356,без квоти
142.  ,2216423  СПГТ,1285  Организация на хотелиерството - АЕ,299,302,без квоти
143.  ,"2204402  НПГПТО ""М.В.Ломоносов""",0325  Лазерна и оптична техника - АЕ,299,299,без квоти
144.  ,"2215170  170 СУ ""Васил Левски""",2972  Организация на туризма и свободното време - АЕ,298.25,313,без квоти
145.  ,"2211021  21 СУ ""ХРИСТО БОТЕВ""",0906  Предприемачески - АЕ интензивно,298,343,без квоти
146.  ,"2212303  33 ЕГ ""СВЕТА СОФИЯ""",2762  Чужди езици - АЕ интензивно НЕ,297,412,без квоти
147.  ,2223431  ПГ по телекомуникации,0707  Оптически комуникационни системи - АЕ,296.75,296.75,без квоти
148.  ,"2212096  96. СУ ""Л. Н. Толстой""",0903  Чужди езици - АЕ интензивно,295.5,342.25,без квоти
149.  ,"2221093  93 СУ ""Ал. Теодоров - Балан""",2878  Обществени науки - АЕ интензивно,295,346.75,без квоти
150.  ,"2221023  23 СУ ""Фредерик Ж.-Кюри""",0939  Икономическо развитие - АЕ,294,335,без квоти
151.  ,"2204402  НПГПТО ""М.В.Ломоносов""",0324  Очна оптика - АЕ,293,412,без квоти
152.  ,"2209132  132. СУ ""Ваня Войнова""",0423  Софтуерни и хардуерни науки - АЕ,291.25,324.75,без квоти
153.  ,"2221023  23 СУ ""Фредерик Ж.-Кюри""",0930  Предприемачески - АЕ,288,316.5,без квоти
154.  ,2211417  ПГО,0476  Моден дизайн - АЕ,286.5,324,без квоти
155.  ,"2206409  ПГТЕ ""Хенри Форд""",2362  Топлотехника - отоплителна климат. вентилационна и хладилна - АЕ (дуална),286.5,286.5,без квоти
156.  ,"2212137  137 СУ ""Ангел Кънчев""",1838  Чужди езици - АЕ интензивно   НЕ,286,310,без квоти
157.  ,"2221157  157 ГИЧЕ ""Сесар Вайехо""",1023  Чужди езици - ИЕ интензивно,284.5,355.5,без квоти
158.  ,"2212303  33 ЕГ ""СВЕТА СОФИЯ""",2767  Чужди езици - АЕ интензивно ИЕ,281,310.5,без квоти
159.  ,"2206410  ПГАВТ  ""А.С.ПОПОВ""",2769  Системно програмиране - АЕ интензивно,279.25,325,без квоти
160.  ,"2221093  93 СУ ""Ал. Теодоров - Балан""",2876  Обществени науки - РЕ интензивно,279,325.25,без квоти
161.  ,"2209036  36 СУ ""Максим Горки""",0778  Чужди езици - ИтЕ интензивно,278.5,307.5,без квоти
162.  ,"2206410  ПГАВТ  ""А.С.ПОПОВ""",2752  Компютърни мрежи - АЕ,278.5,278.5,без квоти
163.  ,"2204402  НПГПТО ""М.В.Ломоносов""",0319  Измервателна и организационна техника - АЕ,278,293.5,без квоти
164.  ,"2213081  81. СУ ""Виктор Юго""",2566  Чужди езици - АЕ интензивно,276.5,325.5,без квоти
165.  ,"2212303  33 ЕГ ""СВЕТА СОФИЯ""",2778  Чужди езици - ФЕ интензивно АЕ,275.5,299.5,без квоти
166.  ,2216423  СПГТ,1277  Кетъринг - РЕ,274.5,308.5,без квоти
167.  ,2212097  97 СУ,2506  Софтуерни и хардуерни науки - АЕ интензивно,273.5,365,без квоти
168.  ,2224121  121 СУ,2637  Софтуерни и хардуерни науки - АЕ,272,320.5,без квоти
169.  ,"2207068  68 СУ""Акад.Никола Обрешков""",2629  Софтуерни и хардуерни науки - АЕ,272,272,без квоти
170.  ,"2213128  128 СУ ""Алберт Айнщайн""",1670  Банкова охрана и инкасова дейност - АЕ,271,271,без квоти
171.  ,2211417  ПГО,0462  Моден дизайн - ИтЕ,269.5,317.75,без квоти
172.  ,2212097  97 СУ,3037  Предприемачески - АЕ,268.5,270,без квоти
173.  ,"2213081  81. СУ ""Виктор Юго""",2579  Хуманитарни науки,267.5,305.25,без квоти
174.  ,"2214101  101 СУ ""БАЧО КИРО""",2886  Икономическо развитие - АЕ интензивно,262.5,342.25,без квоти
175.  ,"2220029  29. СУ ""Кузман Шапкарев""",2408  Софтуерни и хардуерни науки,261.5,373.75,без квоти
176.  ,"2205408  СПГ ""Княгиня Евдокия""",2847  Маникюр педикюр и ноктопластика,261.5,285,без квоти
177.  ,"2209132  132. СУ ""Ваня Войнова""",0424  Спортно-туристическата дейност - АЕ,261.25,337.25,без квоти
178.  ,"2212303  33 ЕГ ""СВЕТА СОФИЯ""",2774  Чужди езици - АЕ интензивно КитЕ или ГрЕ,260,298.5,без квоти
179.  ,2216423  СПГТ,1286  Организация на обслужването в хотелиерството - АЕ,258.5,332,без квоти
180.  ,"2212303  33 ЕГ ""СВЕТА СОФИЯ""",2797  Екскурзоводско обслужване - АЕ интензивно РЕ,258,292,без квоти
181.  ,"2206410  ПГАВТ  ""А.С.ПОПОВ""",2756  Телекомуникационни системи - АЕ,255.25,279,без квоти
182.  ,"2219044  44. СУ ""НЕОФИТ БОЗВЕЛИ""",1538  Софтуерни и хардуерни науки - НЕ интензивно,254,315,без квоти
183.  ,"2203140  140. СУ ""Иван Богоров""",1904  Графичен дизайн,253.5,305.75,без квоти
184.  ,"2202401  Професионална гимназия по екология и биотехнологии ""Проф. д-р Асен Златаров""",0909  Технологичен и микробиологичен контрол в химични производства - лаборант,253.5,253.5,без квоти
185.  ,"2205408  СПГ ""Княгиня Евдокия""",2843  Фризьорство,253.5,253.5,без квоти
186.  ,2211417  ПГО,0472  Бутикови облекла - ИтЕ,250.5,289.5,без квоти
187.  ,2216423  СПГТ,1287  Екскурзоводско обслужване - АЕ,250,283.5,без квоти
188.  ,2214054  54 СУ,0758  Софтуерни и хардуерни науки - АЕ интензивно,249,299.5,без квоти
189.  ,"2201078  78. СУ ""Христо Смирненски""",0468  Софтуерни и хардуерни науки - АЕ,249,293.5,без квоти
190.  ,2216423  СПГТ,1281  Кетъринг - ИЕ,247,326.5,без квоти
191.  ,"2213128  128 СУ ""Алберт Айнщайн""",1660  Софтуерни и хардуерни науки - АЕ,245.5,340.5,без квоти
192.  ,2211417  ПГО,0491  Конструиранемоделиране и технология на облекло от текстил - АЕ,244.75,289.5,без квоти
193.  ,"2206409  ПГТЕ ""Хенри Форд""",2378  Електрически превозни средства - АЕ,243.5,300.5,без квоти
194.  ,"2213010  10 СУ  ""Теодор Траянов""",2101  Обществени науки - АЕ,243.5,271.75,без квоти
195.  ,2211417  ПГО,0505  Сценичен костюм - АЕ,243.25,275,без квоти
196.  ,2210117  117.СУ,0975  Софтуерни и хардуерни науки,243,265.5,без квоти
197.  ,"2206409  ПГТЕ ""Хенри Форд""",2357  Възобновяеми енергийни източници - АЕ,241.5,241.5,без квоти
198.  ,"2213125  125 СУ ""Боян Пенев""",1557  Математически - АЕ интензивно,239.75,315.25,без квоти
199.  ,"2213039  39 СУ ""П.Динеков""",1802  Софтуерни и хардуерни науки - АЕ интензивно,239.5,351,без квоти
200.  ,"2214101  101 СУ ""БАЧО КИРО""",2889  Софтуерни и хардуерни науки - АЕ интензивно,239.5,271.5,без квоти
201.  ,2224047  47СУ,0515  Предприемачески - АЕ интензивно,232.5,326.5,без квоти
202.  ,"2206410  ПГАВТ  ""А.С.ПОПОВ""",2765  Микропроцесорна техника - АЕ,231,251.75,без квоти
203.  ,2214054  54 СУ,0749  Чужди езици - АЕ интензивно,226,337,без квоти
204.  ,"2212137  137 СУ ""Ангел Кънчев""",1834  Предприемачески - АЕ интензивно,226,227,без квоти
205.  ,"2212137  137 СУ ""Ангел Кънчев""",1844  Софтуерни и хардуерни науки - АЕ интензивно,220.75,347.5,без квоти
206.  ,"2207069  69 СУ  ""Д.  Маринов""",0887  Икономическо развитие - АЕ,219,237,без квоти
207.  ,2215176  176 ОбУ,2460  Софтуерни и хардуерни науки - АЕ,217.5,319,без квоти
208.  ,"2205408  СПГ ""Княгиня Евдокия""",2837  Съдебна администрация - АЕ (дуална),216.5,295,без квоти
209.  ,2224121  121 СУ,2642  Предприемачески - АЕ,211,302,без квоти
210.  ,"2206409  ПГТЕ ""Хенри Форд""",2352  Газова техника - АЕ,208.5,229,без квоти
211.  ,"2208017  17 СУ ""Дамян Груев""",2371  Чужди езици - ФЕ интензивно,204,301,без квоти
212.  ,"2217088  88 СУ ""Д.  Попниколов""",1353  Чужди езици - АЕ интензивно,199.5,408,без квоти
213.  ,2204311  ПГИИРЕ,2935  Чужди езици - ИЕ интензивно,199,319.25,без квоти
214.  ,2217149  149 СУ,1060  Софтуерни и хардуерни науки - АЕ интензивно,197.5,306.5,без квоти
215.  ,2219095  95 СУ,2354  Чужди езици - АЕ интензивно РЕ,197,228,без квоти
216.  ,2204311  ПГИИРЕ,2937  Екскурзоводско обслужване - РумЕ интензивно,193,193,без квоти
217.  ,"2202401  Професионална гимназия по екология и биотехнологии ""Проф. д-р Асен Златаров""",0851  Екология и опазване на околната среда - АЕ,192,299,без квоти
218.  ,"2209305  203 ПЕГ ""Св. Методий""",2904  Чужди езици - АЕ интензивно   НЕ,192,217,без квоти
219.  ,"2206409  ПГТЕ ""Хенри Форд""",1911  Промишлена електроника - АЕ,191,265,без квоти
220.  ,2216422  ПГМЕ,2193  Промишлена електроника - АЕ,191,191,без квоти
221.  ,"2202026  26 СУ ""Йордан Йовков""",0965  Софтуерни и хардуерни науки - АЕ интензивно,185,369.5,без квоти
222.  ,"2220014  14 СУ ""Проф. д-р А. Златаров",1312  Обществени науки - АЕ,184,360.25,без квоти
223.  ,2212097  97 СУ,2512  Търговия на едро и дребно - АЕ интензивно,179,179,без квоти
224.  ,2212090  90 СУ,1390  Природни науки - АЕ,178.5,249,без квоти
225.  ,"2207108  108 СУ ""Н.Беловеждов""",1896  Предприемачески  - АЕ,178,313,без квоти
226.  ,"2215170  170 СУ ""Васил Левски""",2971  Предприемачески - АЕ,177,235.25,без квоти
227.  ,"2205408  СПГ ""Княгиня Евдокия""",2842  Извършване на термални процедури - АЕ (дуална),176,220,без квоти
228.  ,"2203074  74 СУ ""Гоце Делчев""",1771  Софтуерни и хардуерни науки - АЕ интензивно,176,209,без квоти
229.  ,"2206003  3 СУ ""МАРИН ДРИНОВ""",2914  Графичен дизайн - АЕ,174.5,280.5,без квоти
230.  ,2206411  ПГХВТ,0448  Производство на захар и захарни изделия -АЕ,174,321.25,без квоти
231.  ,2224121  121 СУ,2647  Софтуерни и хардуерни науки - ИЕ,172,256,без квоти
232.  ,"2220427  ПГЖПТ""Никола Корчев""",1894  Осигурителни и комуникационни системи в жп инфраструктура - АЕ,171.5,171.5,без квоти
233.  ,2219095  95 СУ,2359  Чужди езици - РЕ интензивно АЕ,170,284,без квоти
234.  ,"2212056  56.СУ ""Проф. К. Иречек""",2200  Икономическо развитие - НЕ интензивно,168,415.5,без квоти
235.  ,2208135  135 СУ,2783  Социална работа с деца и семейства в риск - АЕ,163.5,176,без квоти
236.  ,"2221094  94 СУ ""Д.Страшимиров""",2539  Логистика на товари и услуги,160,266.5,без квоти
237.  ,"2205408  СПГ ""Княгиня Евдокия""",2840  Икономическо информационно осигуряване - АЕ,159,243.25,без квоти
238.  ,2217424  ПГЕА,2133  Системно програмиране - АЕ,156.5,324,без квоти
239.  ,2217424  ПГЕА,2156  Електрически инсталации - АЕ,156.25,156.25,без квоти
240.  ,"2217088  88 СУ ""Д.  Попниколов""",1356  Туристическа анимация - АЕ интензивно,146.5,308.5,без квоти
241.  ,"2209305  203 ПЕГ ""Св. Методий""",2907  Чужди езици - АЕ интензивно  ИЕ,142,279.5,без квоти
242.  ,"2213131  131 СУ ""К.А.Тимирязев""",2454  Предприемачески,140,253,без квоти
243.  ,2208413  СГХСТ,0568  Производство на сладкарски изделия - АЕ (дуална),137,137,без квоти
244.  ,"2202401  Професионална гимназия по екология и биотехнологии ""Проф. д-р Асен Златаров""",0874  Технология на фармацевтичните и парфюмерийно-козметични продукти - АЕ,135.5,300.5,без квоти
245.  ,"2213144  144 СУ ""Народни будители""",1123  Рекламна графика - АЕ,133,307.5,без квоти
246.  ,"2209305  203 ПЕГ ""Св. Методий""",2909  Чужди езици - ИЕ интензивно   АЕ,133,277,без квоти
247.  ,"2217066  66 СУ ""Филип Станиславов""",1439  Предприемачески,131,131,без квоти
248.  ,"2219024  24 СУ ""П. К. Яворов """,2439  Предприемачески,129,154.5,без квоти
249.  ,"2201400  Професионална гимназия по туризъм ""Алеко Константинов""",0355  Производство и обслужване в заведенията за хранене и развлечения - АЕ,128,212.5,без квоти
250.  ,2217424  ПГЕА,2138  Приложно програмиране - АЕ,127.5,233,без квоти
251.  ,2207412  ПГ ПО ТРАНСПОРТ,1665  Спедиция транспортна и складова логистика - АЕ,127,214,без квоти
252.  ,"2212079  79 СУ ""Индира Ганди""",2427  Софтуерни и хардуерни науки - АЕ интензивно,126,228,без квоти
253.  ,"2221430  ПГТ  ""МАКГАХАН""",2178  Ремонт на летателни апарати - АЕ,123.5,218.5,без квоти
254.  ,2207412  ПГ ПО ТРАНСПОРТ,1656  Митническа и данъчна администрация - АЕ,121,249.5,без квоти
255.  ,2218192  192 СУ,2952  Туристическа анимация,120.5,276.25,без квоти
256.  ,"2220059  59 ОбУ ""Васил Левски""",1530  Готвач,120,130,без квоти
257.  ,2216422  ПГМЕ,2189  Електрообзавеждане на производството - електротехник,120,120,без квоти
258.  ,"2219130  130 СУ ""Стефан Караджа""",2236  Продавач-консултант,118.5,272,без квоти
259.  ,"2201400  Професионална гимназия по туризъм ""Алеко Константинов""",0352  Организация на обслужването в хотелиерството - АЕ,118,242,без квоти
260.  ,2207412  ПГ ПО ТРАНСПОРТ,1677  Автомобилна мехатроника - АЕ,118,232,без квоти
261.  ,2217424  ПГЕА,2123  Компютърна техника и технологии - АЕ,111.5,155.5,без квоти
262.  ,"2217151  Национално СУ  ""София""",2687  Природни науки - АЕ,107,274,без квоти
263.  ,2216422  ПГМЕ,2173  Металообработващи машини (дуална),107,121,без квоти
264.  ,"2221094  94 СУ ""Д.Страшимиров""",2535  Производство на облекло от текстил,106,106,без квоти
265.  ,"2212056  56.СУ ""Проф. К. Иречек""",2196  Чужди езици - АЕ интензивно,105.5,266,без квоти
266.  ,2219095  95 СУ,2459  Природни науки - АЕ интензивно,105,204.5,без квоти
267.  ,"2221430  ПГТ  ""МАКГАХАН""",2165  Автомобилна мехатроника - АЕ,105,168,без квоти
268.  ,"2201400  Професионална гимназия по туризъм ""Алеко Константинов""",0358  Кетъринг - АЕ,103,234,без квоти
269.  ,"2201400  Професионална гимназия по туризъм ""Алеко Константинов""",0344  Организация на хотелиерството -  АЕ,100,266,без квоти
270.  ,"2215172  172 ОбУ ""Христо Ботев""",2807  Производство на облекло от текстил,100,182,без квоти
271.  ,2217424  ПГЕА,2115  Компютърни мрежи - АЕ,99.5,323.75,без квоти
272.  ,2207412  ПГ ПО ТРАНСПОРТ,1684  Автотранспортна техника - монтьор,99,257.5,без квоти
273.  ,"2208028  28 СУ ""А. Константинов""",0372  Софтуерни и хардуерни науки - АЕ интензивно,96,393.5,без квоти
274.  ,"2221430  ПГТ  ""МАКГАХАН""",2212  Спедиция транспортна и складова логистика - АЕ (дуална),96,96,без квоти
275.  ,"2201078  78. СУ ""Христо Смирненски""",0463  Извършване на термални процедури,93,256.5,без квоти
276.  ,"2206409  ПГТЕ ""Хенри Форд""",2349  Електрообзавеждане на подемна и асансьорна техника (дуална),93,234,без квоти
277.  ,"2206113  113 СУ""Сава Филаретов""",1676  Продавач-консултант,93,132,без квоти
278.  ,"2213131  131 СУ ""К.А.Тимирязев""",2449  Търговия на едро и дребно,92,229,без квоти
279.  ,2204405  ПГ по ПСТТ,2524  Пътно-строителна техника - АЕ,90,146.75,без квоти
280.  ,"2210085  85 СУ ""Отец Паисий""",1929  Търговия на едро и дребно - АЕ,87.5,271.75,без квоти
281.  ,2204405  ПГ по ПСТТ,2528  Подемно-транспортна техника монтирана на пътни тр. средства - ФЕ,86,86,без квоти
282.  ,2212027  27. СУ,2387  Софтуерни и хардуерни науки,80,179,без квоти
283.  ,"2221430  ПГТ  ""МАКГАХАН""",2153  Автотранспортна техника - техник АЕ (дуална),79,176,без квоти
284.  ,2208413  СГХСТ,0563  Декорация на сладкарски изделия - АЕ,74,128,без квоти
285.  ,"2201400  Професионална гимназия по туризъм ""Алеко Константинов""",0362  Производство на кулинарни изделия и напитки - готвач,68,177,без квоти
286.  ,2206411  ПГХВТ,0455  Производсто и преработка на мляко и млечни продукти,68,157,без квоти
287.  ,"2209305  203 ПЕГ ""Св. Методий""",2910  Предприемачески - АЕ интензивно,65,305.5,без квоти
288.  ,"2218071  71 СУ ""П.Яворов""",1725  Икономическо развитие,62.5,364.5,без квоти
289.  ,"2203074  74 СУ ""Гоце Делчев""",1777  Природни науки - АЕ интензивно,62,434.25,без квоти
,,,,,
290.  ,2206411  ПГХВТ,0452  Производство на месо месни продукти и риба - АЕ,62,190.25,без квоти
291.  ,"2220427  ПГЖПТ""Никола Корчев""",2000  Локомотиви и вагони - АЕ (дуална),60,118,без квоти
292.  ,2212090  90 СУ,1384  Предприемачески - ИЕ,54,241,без квоти
293.  ,2204403  ПГТКИ,1868  Конструиране моделиране и технология на обувни изделия (дуална),52,144,без квоти
294.  ,2208413  СГХСТ,0547  Производство на хляб хлебни и сладкарски изделия - АЕ,50,213.75,без квоти
295.  ,"2217426  ПГСС ""БУЗЕМА""",2905  Каменоделство,50,122,без квоти
296.  ,"2206409  ПГТЕ ""Хенри Форд""",2343  Електрообзавеждане на ел. превозни средства за гр. транспорт (дуална),41,225.5,без квоти
297.  ,"2217426  ПГСС ""БУЗЕМА""",2903  Цветарство,41,116,без квоти
298.  ,"2208123  123 СУ ""Стефан Стамболов",0631  Логистика на товари и услуги,35,167,без квоти
299.  ,2204403  ПГТКИ,1870  Конструиране моделиране и технология на коженогалантерийни изделия,34,170,без квоти
300.  ,2204403  ПГТКИ,1856  Бутикови облекла - АЕ,30,311,без квоти
301.  ,"2208017  17 СУ ""Дамян Груев""",2379  Туристическа анимация - ФЕ интензивно,30,292.25,без квоти
302.  ,2214015  15 СУ,2582  Предприемачески - АЕ,30,290.5,без квоти
303.  ,2214015  15 СУ,3015  Предприемачески,30,222.5,без квоти
304.  ,2204403  ПГТКИ,1865  Конструиране моделиране и технология на облекло от кожи,30,201,без квоти
305.  ,"2206113  113 СУ""Сава Филаретов""",1648  Предприемачески,30,174,без квоти
306.  ,"2217426  ПГСС ""БУЗЕМА""",2901  Трайни насаждения,30,94,без квоти
307.  ,2204405  ПГ по ПСТТ,2612  Електрически превозни средства - РЕ,30,92,без квоти
308.  ,"2203140  140. СУ ""Иван Богоров""",1895  Български танци,30,30,без квоти
,,,,,
